,ams_mats,ams_parse,ams_eval,ams_final,ams_postinit,ams_grb,ams_mosek
pjm5bus_uced,0.58,1.41,2.2300000000000004,0.0,0.10000000000000002,5.01,5.29
ieee14_uced,0.67,1.4,2.3100000000000005,0.0,0.10000000000000002,5.599999999999999,5.91
ieee39_uced,0.7200000000000001,1.4,2.42,0.0,0.10000000000000002,5.92,6.35
npcc_uced,1.9200000000000004,1.4100000000000001,5.54,0.0,0.10000000000000002,9.469999999999999,10.64
wecc_uced,1.6300000000000001,1.4400000000000002,3.8500000000000005,0.0,0.10000000000000002,9.450000000000001,9.45
