,ams_mats,ams_parse,ams_eval,ams_final,ams_postinit,GUROBI,MOSEK
pjm5bus_uced,0.59,4.7299999999999995,5.32,0.18000000000000005,0.15000000000000002,19.290000000000003,57.42999999999999
ieee14_uced,0.6299999999999999,4.74,5.499999999999999,0.18000000000000005,0.11,28.69,76.59
ieee39_uced,0.7,4.81,5.95,0.19000000000000003,0.11,60.0,103.67999999999999
npcc_uced,1.2999999999999998,4.800000000000001,12.589999999999998,0.35000000000000003,0.18,314.74000000000007,520.89
wecc_uced,1.4,4.77,9.819999999999999,0.29,0.12999999999999998,292.77,424.78999999999996
