,ams_mats,ams_parse,ams_eval,ams_final,ams_postinit,ams_grb,ams_mosek,ams_piqp,pdp
case5,0.54,1.4900000000000002,2.4299999999999997,0.0,0.10000000000000002,46.89000000000001,59.17,35.300000000000004,428.62999999999994
case14,0.6,1.4,2.1400000000000006,0.0,0.10000000000000002,54.41999999999999,52.86,38.449999999999996,342.17
case39,0.7,1.4,2.3299999999999996,0.0,0.10000000000000002,73.06,67.4,44.53,333.18
npcc,1.42,1.4,4.890000000000001,0.0,0.10000000000000002,198.73000000000002,182.50000000000003,91.02000000000001,1302.6100000000001
wecc,1.55,1.4,3.47,0.0,0.10000000000000002,203.01999999999998,151.62,95.42,933.7800000000002
