,ams_mats,ams_parse,ams_eval,ams_final,ams_postinit,ams_grb,ams_mosek,ams_piqp,pdp
case5,0.56,1.52,2.1800000000000006,0.0,0.10000000000000002,48.519999999999996,52.279999999999994,36.04,345.87
case14,0.6,1.4,2.18,0.0,0.10000000000000002,54.87,55.45000000000001,39.309999999999995,325.06999999999994
case39,0.7,1.4100000000000001,2.3299999999999996,0.0,0.10000000000000002,73.16,70.11,45.019999999999996,320.7
npcc,1.4,1.4,4.920000000000001,0.0,0.10000000000000002,198.34,188.39000000000001,91.14999999999998,1301.6100000000001
wecc,1.5700000000000003,1.4,3.46,0.01,0.10000000000000002,189.02,152.91000000000003,95.97999999999999,939.71
