,ams_mats,ams_parse,ams_eval,ams_final,ams_postinit,GUROBI,MOSEK
pjm5bus_uced,0.58,5.21,6.0,0.19000000000000003,0.16,26.47,24.509999999999998
ieee14_uced,0.6299999999999999,5.23,6.470000000000001,0.19000000000000003,0.12999999999999998,38.83,40.71000000000001
ieee39_uced,0.76,5.259999999999998,7.249999999999999,0.19000000000000003,0.13999999999999999,70.66,71.24
npcc_uced,1.6000000000000003,5.2299999999999995,16.470000000000002,0.34,0.21,353.18999999999994,338.87
wecc_uced,1.69,5.24,12.969999999999999,0.37,0.16,329.09000000000003,362.65999999999997
