,ams_mats,ams_parse,ams_eval,ams_final,ams_postinit,GUROBI,MOSEK
pjm5bus_uced,0.5300000000000001,3.54,5.31,0.13,0.0,14.840000000000002,16.25
ieee14_uced,0.6399999999999999,3.5099999999999993,5.77,0.20000000000000004,0.0,22.930000000000003,25.66
ieee39_uced,0.71,3.4099999999999997,5.91,0.17000000000000004,0.0,37.959999999999994,51.129999999999995
npcc_uced,1.3099999999999998,3.4799999999999995,18.730000000000004,0.43,0.0,198.45,189.67999999999998
wecc_uced,1.4300000000000002,3.44,9.81,0.43,0.0,140.99,147.63999999999996
