,ams_mats,ams_parse,ams_eval,ams_final,ams_postinit,GUROBI,MOSEK,PIQP,pandapower
case5,0.6,1.25,2.17,0.10000000000000002,0.01,47.800000000000004,47.120000000000005,36.16,403.0299999999999
case14,0.67,1.2099999999999997,2.1400000000000006,0.09000000000000002,0.01,54.92,53.849999999999994,41.17,280.80000000000007
case39,0.73,1.1500000000000001,2.28,0.09000000000000002,0.01,70.04,67.3,44.99,281.45
npcc,1.4899999999999995,1.19,4.91,0.10000000000000002,0.01,197.15,183.22000000000003,92.37,1246.6299999999997
wecc,1.6100000000000003,1.2199999999999998,3.4299999999999997,0.10000000000000002,0.01,196.25,154.21,96.58999999999999,884.5000000000001
