,ams_mats,ams_parse,ams_eval,ams_final,ams_postinit,GUROBI,MOSEK,PIQP,pandapower
case5,0.59,1.2000000000000002,1.79,0.10000000000000002,0.0,29.570000000000004,30.709999999999997,19.200000000000003,352.97999999999996
case14,0.6,1.1300000000000001,1.7100000000000002,0.09000000000000002,0.0,34.60000000000001,34.699999999999996,20.64,248.70999999999998
case39,0.8799999999999999,1.12,1.8699999999999997,0.09000000000000002,0.0,47.37999999999999,46.089999999999996,23.709999999999997,253.25999999999993
npcc,1.2899999999999998,1.1300000000000001,4.260000000000001,0.09000000000000002,0.0,152.13000000000002,142.89000000000001,50.69999999999999,1205.11
wecc,1.4,1.1300000000000001,2.8100000000000005,0.09000000000000002,0.0,149.62,106.5,50.96000000000001,852.12
