,ams_mats,ams_parse,ams_eval,ams_final,ams_postinit,ams_grb,ams_mosek,ams_piqp,pdp
case5,0.5499999999999999,1.4900000000000002,2.16,0.0,0.10000000000000002,48.13000000000001,61.589999999999996,35.54,337.23
case14,0.6,1.4,2.12,0.0,0.10000000000000002,55.14,52.99999999999999,38.870000000000005,320.19000000000005
case39,0.7,1.4,2.32,0.0,0.10000000000000002,72.87,67.57,44.86,316.03999999999996
npcc,1.42,1.4400000000000002,4.890000000000001,0.0,0.10000000000000002,198.58,182.19000000000003,91.17,1282.4399999999998
wecc,1.5700000000000003,1.44,3.4799999999999995,0.01,0.10000000000000002,186.94,149.77,95.96000000000001,937.66
