,ams_mats,ams_parse,ams_eval,ams_final,ams_postinit,ams_grb,ams_mosek
pjm5bus_uced,0.6,5.689999999999999,6.17,0.10000000000000002,1.32,19.069999999999997,18.38
ieee14_uced,0.62,5.609999999999999,6.410000000000001,0.10000000000000002,1.2399999999999998,24.490000000000002,22.270000000000003
ieee39_uced,0.7300000000000001,5.65,7.229999999999999,0.10000000000000002,1.2799999999999998,55.42,31.349999999999994
npcc_uced,1.4999999999999998,5.66,15.899999999999997,0.10000000000000002,1.9200000000000004,167.94,99.19
wecc_uced,1.65,5.64,12.879999999999999,0.10000000000000002,1.56,340.07,352.71
