,GUROBI,MOSEK,PIQP,pandapower
case5,308818.7581121764,308818.7583987011,308818.7581565448,308818.7581228293
case14,136767.75199801096,136767.75149281582,136767.75183555437,136767.7518154504
case39,643403.2666230543,643403.2642177489,643403.2659444304,643403.2664751591
npcc,16635796.957624264,16635796.957727687,16635796.957801146,16634401.64524676
wecc,8621568.969219418,8621568.969331909,8621568.96908319,8621568.969254036
