,ams_mats,ams_parse,ams_eval,ams_final,ams_postinit,GUROBI,MOSEK
pjm5bus_uced,0.5300000000000001,5.05,5.84,0.19000000000000003,0.16,27.969999999999995,23.900000000000002
ieee14_uced,0.6299999999999999,5.0600000000000005,6.26,0.19000000000000003,0.12999999999999998,36.410000000000004,40.309999999999995
ieee39_uced,0.7200000000000001,5.05,6.840000000000001,0.19000000000000003,0.12999999999999998,69.11,70.38
npcc_uced,1.45,5.17,15.64,0.41000000000000003,0.19,344.94,325.88999999999993
wecc_uced,1.6000000000000003,5.17,12.73,0.35,0.15000000000000002,320.88,346.52000000000004
