,grb,mosek,piqp,pdp
case5,308818.7581121764,308818.75839871314,308818.7581565447,308818.7581228293
case14,136767.75181389303,136767.7515185184,136767.7518330617,136767.75181545038
case39,643403.266474372,643403.264217761,643403.26594443,643403.2664751589
npcc,16635796.957624262,16635796.957727943,16635796.957801158,16635511.238216406
wecc,8621568.969219418,8621568.969332207,8621568.969083166,8621568.969254034
