,ams_mats,ams_parse,ams_eval,ams_final,ams_postinit,GUROBI,MOSEK
pjm5bus_uced,0.8,4.450000000000001,6.299999999999998,0.17000000000000004,0.01,21.36,17.78
ieee14_uced,0.66,3.63,6.36,0.2,0.01,28.480000000000004,25.230000000000004
ieee39_uced,0.76,3.61,6.779999999999999,0.18000000000000005,0.01,46.43,52.900000000000006
npcc_uced,1.5099999999999998,3.64,15.690000000000003,0.42,0.01,206.73,185.16000000000003
wecc_uced,1.59,3.6699999999999995,12.2,0.33,0.01,167.47,139.93
