,ams_mats,ams_parse,ams_eval,ams_final,ams_postinit,ams_grb,ams_mosek
pjm5bus_uced,0.59,6.49,6.23,0.10000000000000002,1.42,19.349999999999998,20.209999999999997
ieee14_uced,0.6299999999999999,6.660000000000001,6.480000000000001,0.10000000000000002,1.3199999999999996,24.710000000000004,22.73
ieee39_uced,0.77,6.9,7.2,0.10000000000000002,1.32,56.63,32.059999999999995
npcc_uced,1.52,10.05,15.859999999999996,0.10000000000000002,2.0399999999999996,168.81,102.63
wecc_uced,1.6100000000000003,9.08,12.830000000000004,0.10000000000000002,1.5800000000000003,346.99,359.46000000000004
