,ams_mats,ams_parse,ams_eval,ams_final,ams_postinit,ams_grb,ams_mosek
pjm5bus_uced,0.61,1.5299999999999998,2.3500000000000005,0.0,0.10000000000000002,5.2,5.58
ieee14_uced,0.65,1.66,2.37,0.0,0.10000000000000002,5.760000000000001,5.800000000000001
ieee39_uced,0.7900000000000001,1.6100000000000003,2.4799999999999995,0.0,0.10000000000000002,5.99,6.510000000000002
npcc_uced,1.4999999999999998,2.36,5.61,0.0,0.10000000000000002,9.719999999999999,11.030000000000001
wecc_uced,1.6000000000000003,1.95,3.8400000000000007,0.0,0.10000000000000002,9.430000000000001,9.519999999999998
