,ams_mats,ams_parse,ams_eval,ams_final,ams_postinit,ams_grb,ams_mosek,ams_piqp,pdp
case5,0.5599999999999999,1.5999999999999996,2.12,0.0,0.10000000000000002,48.24999999999999,52.8,35.75000000000001,343.67999999999995
case14,0.6199999999999999,1.5899999999999999,2.5700000000000003,0.0,0.10000000000000002,54.47,56.349999999999994,38.97,326.99
case39,0.71,1.5700000000000003,2.3299999999999996,0.0,0.10000000000000002,73.38,71.41,44.61999999999999,321.74000000000007
npcc,1.4100000000000001,2.2,4.85,0.0,0.10000000000000002,198.30000000000004,187.26999999999998,92.08000000000001,1299.3700000000001
wecc,1.5600000000000003,1.87,3.44,0.01,0.10000000000000002,186.24,153.03,95.09,935.6300000000001
