,ams_mats,ams_parse,ams_eval,ams_final,ams_postinit,ams_grb,ams_mosek
pjm5bus_uced,0.6,1.5099999999999998,2.3500000000000005,0.0,0.10000000000000002,5.140000000000001,5.43
ieee14_uced,0.66,1.55,2.33,0.0,0.10000000000000002,5.75,6.2
ieee39_uced,0.76,1.6100000000000003,2.4299999999999997,0.0,0.10000000000000002,5.950000000000001,6.320000000000001
npcc_uced,1.4999999999999998,2.3299999999999996,5.54,0.0,0.10000000000000002,9.700000000000001,10.88
wecc_uced,2.0000000000000004,2.0799999999999996,4.0,0.0,0.10000000000000002,9.45,9.520000000000001
