,ams_mats,ams_parse,ams_eval,ams_final,ams_postinit,ams_grb,ams_mosek
pjm5bus_uced,0.57,6.450000000000002,6.119999999999999,0.10000000000000002,1.3499999999999999,18.959999999999997,18.63
ieee14_uced,0.65,6.569999999999999,6.3900000000000015,0.10000000000000002,1.2999999999999998,24.450000000000003,22.469999999999995
ieee39_uced,0.7300000000000001,6.86,7.1499999999999995,0.10000000000000002,1.2999999999999998,55.849999999999994,31.89
npcc_uced,1.4999999999999998,10.010000000000002,15.790000000000003,0.10000000000000002,1.98,167.08999999999997,100.39
wecc_uced,1.6100000000000003,9.16,12.920000000000002,0.10000000000000002,1.6,349.9,362.42
